Component,File_EntityId,File_Name,HTAN_Center,HTAN_DATA_FILE_ID,HTAN_PARENT_ID,Folder_EntityId,Status_Folder_Name
BulkWESLevel3,syn73813835,QCFA03_2456456_13234.vcf,htan2-testing1,HTA222_4_D3,['HTA222_4_D2'],syn73742691,v8_ingest
MultiplexMicroscopyLevel2,syn74307863,HT413C1_Th1k4A1_U10__20240111.ome.tiff,HTAN2_Prostate,HTA206_12_D10,['HTA206_12_B1'],syn72101787,v8_ingest
MultiplexMicroscopyLevel2,syn74307866,HT413C1_Th1k4A1_U42__20240111.ome.tiff,HTAN2_Prostate,HTA206_12_D13,['HTA206_12_B4'],syn72101787,v8_ingest
MultiplexMicroscopyLevel2,syn74307867,HT413C1_Th1k4A1_U37__20240111.ome.tiff,HTAN2_Prostate,HTA206_12_D12,['HTA206_12_B3'],syn72101787,v8_ingest
MultiplexMicroscopyLevel2,syn74307875,HT413C1_Th1k4A1_U26__20240111.ome.tiff,HTAN2_Prostate,HTA206_12_D11,['HTA206_12_B2'],syn72101787,v8_ingest
MultiplexMicroscopyLevel2,syn74307951,HT347C1_Th1K2A1_section2_03042022.ome.tiff,HTAN2_Prostate,HTA206_11_D14,['HTA206_11_B2'],syn72101787,v8_ingest
MultiplexMicroscopyLevel2,syn74307974,HT347C1_Th1K2A1_section1_03042022.ome.tiff,HTAN2_Prostate,HTA206_11_D13,['HTA206_11_B1'],syn72101787,v8_ingest
MultiplexMicroscopyLevel2,syn74308026,S13-31378-C1US1_1__20240308.ome.tiff,HTAN2_Prostate,HTA206_3_D1,['HTA206_3_B1'],syn72101787,v8_ingest
MultiplexMicroscopyLevel2,syn74308048,S16-44514-B2U2__20240308.ome.tiff,HTAN2_Prostate,HTA206_6_D1,['HTA206_6_B1'],syn72101787,v8_ingest
SpatialLevel3,syn74417692,HT291C1-Md1Fc2U1Z1Bs1.tar.gz,HTAN2_Prostate,HTA206_8_D5,['HTA206_8_B1'],syn72101274,v8_ingest
SpatialLevel3,syn74307905,output-XETG00063__0009763__HT413C1-Th1K2A1Us1_7__20240216__213528.tar.gz,HTAN2_Prostate,HTA206_12_D14,['HTA206_12_B6'],syn72101274,v8_ingest
SpatialLevel3,syn74307880,output-XETG00122__0010378__HT413C1-Th1K4A1Us1_36__20240116__200059.tar.gz,HTAN2_Prostate,HTA206_12_D16,['HTA206_12_B8'],syn72101274,v8_ingest
SpatialLevel3,syn74307889,output-XETG00122__0010378__HT413C1-Th1K4A1Us1_25__20240116__200059.tar.gz,HTAN2_Prostate,HTA206_12_D15,['HTA206_12_B7'],syn72101274,v8_ingest
SpatialLevel3,syn74307894,output-XETG00122__0010378__HT413C1-Th1K4A1Us1_9__20240116__200059.tar.gz,HTAN2_Prostate,HTA206_12_D17,['HTA206_12_B9'],syn72101274,v8_ingest
SpatialLevel3,syn74307968,output-XETG00122__0022749__S13-31378-C1U1__20240329__172116.tar.gz,HTAN2_Prostate,HTA206_3_D2,['HTA206_3_B2'],syn72101274,v8_ingest
SpatialLevel3,syn74308043,output-XETG00122__0022750__S16-44514-B2U1__20240329__172116.tar.gz,HTAN2_Prostate,HTA206_6_D2,['HTA206_6_B2'],syn72101274,v8_ingest
SpatialLevel3,syn74307944,output-XETG00122__0022990__HT342C1-M2A1U1__20240508__202131.tar.gz,HTAN2_Prostate,HTA206_10_D8,['HTA206_10_B2'],syn72101274,v8_ingest
SpatialLevel3,syn74307996,output-XETG00122__0022990__HT254C1-M1K1L1-L4U1__20240508__202131.tar.gz,HTAN2_Prostate,HTA206_7_D8,['HTA206_7_B2'],syn72101274,v8_ingest
SpatialLevel3,syn74308116,output-XETG00122__0022990__HT307C1-Th3K1A1U1__20240508__202130.tar.gz,HTAN2_Prostate,HTA206_9_D1,['HTA206_9_B1'],syn72101274,v8_ingest
SpatialLevel3,syn74307926,output-XETG00122__0023019__HT489C1-M1Fp1U1__20240508__202131.tar.gz,HTAN2_Prostate,HTA206_13_D1,['HTA206_13_B1'],syn72101274,v8_ingest
SpatialLevel3,syn74307914,output-XETG00523__0062117__2645-08-UNILVR-U1__20250611__170310.tar.gz,HTAN2_Prostate,HTA206_2_D1,['HTA206_2_B1'],syn72101274,v8_ingest
SpatialLevel3,syn74307931,output-XETG00523__0062117__2593-08-UNILVR-U1__20250611__170310.tar.gz,HTAN2_Prostate,HTA206_1_D1,['HTA206_1_B1'],syn72101274,v8_ingest
scRNALevel1,syn74300411,LIB027570-DIL01_2235GFLT4_S4_L001_I2_001.fastq.gz,HTAN2_Prostate,HTA206_14_D3,['HTA206_14_B1'],syn72101264,v8_ingest
scRNALevel1,syn74300412,LIB027570-DIL01_2235GFLT4_S4_L001_R1_001.fastq.gz,HTAN2_Prostate,HTA206_14_D2,['HTA206_14_B1'],syn72101264,v8_ingest
scRNALevel1,syn74300413,LIB027570-DIL01_2235GFLT4_S4_L001_R2_001.fastq.gz,HTAN2_Prostate,HTA206_14_D1,['HTA206_14_B1'],syn72101264,v8_ingest
scRNALevel1,syn74300414,LIB027566-DIL01_223JKJLT4_S158_L006_R1_001.fastq.gz,HTAN2_Prostate,HTA206_10_D5,['HTA206_10_B1'],syn72101264,v8_ingest
scRNALevel1,syn74300415,LIB027564-DIL01_223JKJLT4_S160_L006_R1_001.fastq.gz,HTAN2_Prostate,HTA206_10_D4,['HTA206_10_B1'],syn72101264,v8_ingest
scRNALevel1,syn74300420,H5V37DSX2_AGACGGAT_L004_R2.fastq.gz,HTAN2_Prostate,HTA206_10_D3,['HTA206_10_B1'],syn72101264,v8_ingest
scRNALevel1,syn74300423,LIB027564-DIL01_2235GHLT4_S691_L006_R1_001.fastq.gz,HTAN2_Prostate,HTA206_10_D2,['HTA206_10_B1'],syn72101264,v8_ingest
scRNALevel1,syn74300428,LIB027566-DIL01_2235GHLT4_S690_L006_R1_001.fastq.gz,HTAN2_Prostate,HTA206_10_D1,['HTA206_10_B1'],syn72101264,v8_ingest
scRNALevel1,syn74300448,TWCE-HT254C1-Th1K1A3Y1Nd1_2Bma1_1_S4_L001_R2_001.fastq.gz,HTAN2_Prostate,HTA206_7_D5,['HTA206_7_B1'],syn72101264,v8_ingest
scRNALevel1,syn74300461,TWCE-CM492C2-XBn2_1_S2_L002_R1_001.fastq.gz,HTAN2_Prostate,HTA206_7_D4,['HTA206_7_B1'],syn72101264,v8_ingest
scRNALevel1,syn74300464,LIB027572-DIL01_222HHTLT4_S7_L001_I2_001.fastq.gz,HTAN2_Prostate,HTA206_7_D3,['HTA206_7_B1'],syn72101264,v8_ingest
scRNALevel1,syn74300483,TWCE-CM492C2-XBn1_1_S2_L001_R1_001.fastq.gz,HTAN2_Prostate,HTA206_7_D2,['HTA206_7_B1'],syn72101264,v8_ingest
scRNALevel1,syn74300490,TWCE-HT342C1-Th1K4A3Y1Nd1_2Bma1_1_S5_L001_R2_001.fastq.gz,HTAN2_Prostate,HTA206_7_D1,['HTA206_7_B1'],syn72101264,v8_ingest
scRNALevel1,syn74300512,LIB027570-DIL01_222HHTLT4_S10_L001_R2_001.fastq.gz,HTAN2_Prostate,HTA206_5_D4,['HTA206_5_B2'],syn72101264,v8_ingest
scRNALevel1,syn74300561,LIB027566-DIL01_223JKJLT4_S158_L006_R2_001.fastq.gz,HTAN2_Prostate,HTA206_5_D3,['HTA206_5_B2'],syn72101264,v8_ingest
scRNALevel1,syn74300568,LIB027564-DIL01_223JKJLT4_S160_L006_R2_001.fastq.gz,HTAN2_Prostate,HTA206_5_D2,['HTA206_5_B1'],syn72101264,v8_ingest
scRNALevel1,syn74300573,TWCE-HT342C1-Th1K4A3Y1Nd1_1Z1_1Bmn1_1_S3_L003_R1_001.fastq.gz,HTAN2_Prostate,HTA206_5_D1,['HTA206_5_B1'],syn72101264,v8_ingest
scRNALevel1,syn74300580,LIB027570-DIL01_222HHTLT4_S10_L001_R1_001.fastq.gz,HTAN2_Prostate,HTA206_4_D2,['HTA206_4_B1'],syn72101264,v8_ingest
scRNALevel1,syn74300605,TWCE-HT525C1-Th1K1A3Y1Nd1_2Bma1_1_S7_L001_R2_001.fastq.gz,HTAN2_Prostate,HTA206_4_D1,['HTA206_4_B1'],syn72101264,v8_ingest
scRNALevel1,syn74300614,LIB027572-DIL01_222HHTLT4_S7_L001_R2_001.fastq.gz,HTAN2_Prostate,HTA206_12_D7,['HTA206_12_B5'],syn72101264,v8_ingest
scRNALevel1,syn74300621,TWCE-HT254C1-Th1K1A3Y1Nd1_2Bma1_1_S4_L001_R1_001.fastq.gz,HTAN2_Prostate,HTA206_12_D6,['HTA206_12_B5'],syn72101264,v8_ingest
scRNALevel1,syn74300634,H5V37DSX2_AGACGGAT_L004_R3.fastq.gz,HTAN2_Prostate,HTA206_12_D5,['HTA206_12_B5'],syn72101264,v8_ingest
scRNALevel1,syn74300635,TWCE-HT254C1-Th1K1A3Y1Nd1_2Bma1_1_S4_L001_R3_001.fastq.gz,HTAN2_Prostate,HTA206_11_D10,['HTA206_11_B3'],syn72101264,v8_ingest
scRNALevel1,syn74300660,TWCE-HT342C1-Th1K4A3Y1Nd1_2Bma1_1_S5_L001_R3_001.fastq.gz,HTAN2_Prostate,HTA206_11_D9,['HTA206_11_B3'],syn72101264,v8_ingest
scRNALevel1,syn74300672,TWCE-HT254C1-Th1K1A3Y1Nd1_1Z1_1Bmn1_1_S6_L003_R1_001.fastq.gz,HTAN2_Prostate,HTA206_11_D8,['HTA206_11_B3'],syn72101264,v8_ingest
scRNALevel1,syn74300675,LIB027572-DIL01_222HHTLT4_S7_L001_R1_001.fastq.gz,HTAN2_Prostate,HTA206_11_D7,['HTA206_11_B3'],syn72101264,v8_ingest
scRNALevel1,syn74300692,LIB027566-DIL01_2235GHLT4_S690_L006_R2_001.fastq.gz,HTAN2_Prostate,HTA206_11_D6,['HTA206_11_B3'],syn72101264,v8_ingest
scRNALevel1,syn74300708,TWCE-HT525C1-Th1K1A3Y1Nd1_2Bma1_1_S7_L001_R1_001.fastq.gz,HTAN2_Prostate,HTA206_11_D5,['HTA206_11_B3'],syn72101264,v8_ingest
scRNALevel1,syn74300715,TWCE-HT525C1-Th1K1A3Y1Nd1_2Bma1_1_S7_L001_R3_001.fastq.gz,HTAN2_Prostate,HTA206_12_D4,['HTA206_12_B5'],syn72101264,v8_ingest
scRNALevel1,syn74300728,TWCE-HT254C1-Th1K1A3Y1Nd1_1Z1_1Bmn1_1_S6_L003_R2_001.fastq.gz,HTAN2_Prostate,HTA206_12_D3,['HTA206_12_B5'],syn72101264,v8_ingest
scRNALevel1,syn74300747,TWCE-CM426C1-Th1-CM426C1-Th1A1N1Z1_1Bmn1_1_S3_L001_R1_001.fastq.gz,HTAN2_Prostate,HTA206_12_D2,['HTA206_12_B5'],syn72101264,v8_ingest
scRNALevel1,syn74300750,LIB027564-DIL01_2235GHLT4_S691_L006_R2_001.fastq.gz,HTAN2_Prostate,HTA206_12_D1,['HTA206_12_B5'],syn72101264,v8_ingest
scRNALevel1,syn74300753,H5V37DSX2_AGACGGAT_L004_R1.fastq.gz,HTAN2_Prostate,HTA206_11_D4,['HTA206_11_B3'],syn72101264,v8_ingest
scRNALevel1,syn74300754,TWCE-HT342C1-Th1K4A3Y1Nd1_2Bma1_1_S5_L001_R1_001.fastq.gz,HTAN2_Prostate,HTA206_11_D3,['HTA206_11_B3'],syn72101264,v8_ingest
scRNALevel1,syn74300773,TWCE-CM426C1-Th1-CM426C1-Th1A1N1Z1_1Bmn1_1_S3_L001_R2_001.fastq.gz,HTAN2_Prostate,HTA206_11_D2,['HTA206_11_B3'],syn72101264,v8_ingest
scRNALevel1,syn74300774,LIB027570-DIL01_222HHTLT4_S10_L001_I2_001.fastq.gz,HTAN2_Prostate,HTA206_11_D1,['HTA206_11_B3'],syn72101264,v8_ingest
scRNALevel1,syn74300785,TWCE-CM492C2-XBn2_1_S2_L002_R2_001.fastq.gz,HTAN2_Prostate,HTA206_4_D5,['HTA206_4_B1'],syn72101264,v8_ingest
scRNALevel1,syn74301020,TWCE-HT342C1-Th1K4A3Y1Nd1_1Z1_1Bmn1_1_S3_L003_R2_001.fastq.gz,HTAN2_Prostate,HTA206_4_D4,['HTA206_4_B1'],syn72101264,v8_ingest
scRNALevel1,syn74301033,TWCE-CM492C2-XBn1_1_S2_L001_R2_001.fastq.gz,HTAN2_Prostate,HTA206_4_D3,['HTA206_4_B1'],syn72101264,v8_ingest
scRNALevel1,syn73743946,PCGA02_20152_1020105_R2.fastq.gz,htan2-testing1,HTA222_1_D1,['HTA222_1_B1'],syn73742693,v8_ingest
scRNALevel1,syn73743947,PCGA02_20152_1020105_R1.fastq.gz,htan2-testing1,HTA222_1_D2,['HTA222_1_B1'],syn73742693,v8_ingest
scRNALevel1,syn73744230,PCGA03_20152_1020105_R1.fastq.gz,htan2-testing1,HTA222_2_D1,['HTA222_2_B1'],syn73742693,v8_ingest
scRNALevel1,syn73744231,PCGA03_20152_1020105_R2.fastq.gz,htan2-testing1,HTA222_2_D2,['HTA222_2_B1'],syn73742693,v8_ingest
scRNALevel2,syn74329390,HT347C1-M1Y1Nd1-gex_possorted_bam.bam,HTAN2_Prostate,HTA206_4_D7,"['HTA206_11_D1', 'HTA206_11_D2', 'HTA206_11_D3', 'HTA206_11_D4']",syn72101265,v8_ingest
scRNALevel2,syn74329393,HT413C1-Th1K2A2Nd1-gex_possorted_bam.bam,HTAN2_Prostate,HTA206_4_D6,"['HTA206_12_D1', 'HTA206_12_D2', 'HTA206_12_D3', 'HTA206_12_D4']",syn72101265,v8_ingest
scRNALevel2,syn74329394,HT347C1-M1Y1Nd1-atac_possorted_bam.bam,HTAN2_Prostate,HTA206_5_D5,"['HTA206_11_D5', 'HTA206_11_D6', 'HTA206_11_D7', 'HTA206_11_D8', 'HTA206_11_D9', 'HTA206_11_D10']",syn72101265,v8_ingest
scRNALevel2,syn74329395,HT413C1-Th1K2A2Nd1-atac_possorted_bam.bam,HTAN2_Prostate,HTA206_5_D6,"['HTA206_12_D5', 'HTA206_12_D6', 'HTA206_12_D7']",syn72101265,v8_ingest
scRNALevel2,syn74329399,CM492C2-T2Y1_1N1Z1_1B1-possorted_genome_bam.bam,HTAN2_Prostate,HTA206_7_D7,"['HTA206_5_D3', 'HTA206_5_D4']",syn72101265,v8_ingest
scRNALevel2,syn74329400,CM492C2-T1Y1_1N1Z1_1B1-possorted_genome_bam.bam,HTAN2_Prostate,HTA206_7_D6,"['HTA206_5_D1', 'HTA206_5_D2']",syn72101265,v8_ingest
scRNALevel2,syn74329413,CM426C1-Th1A1N1-gex_possorted_bam.bam,HTAN2_Prostate,HTA206_10_D7,"['HTA206_4_D1', 'HTA206_4_D2']",syn72101265,v8_ingest
scRNALevel2,syn74329424,HT254C1-Th1K1A3Y1Nd1-gex_possorted_bam.bam,HTAN2_Prostate,HTA206_10_D6,"['HTA206_7_D1', 'HTA206_7_D2']",syn72101265,v8_ingest
scRNALevel2,syn74329427,HT342C1-Th1K4A3Y1Nd1-gex_possorted_bam.bam,HTAN2_Prostate,HTA206_11_D12,"['HTA206_10_D1', 'HTA206_10_D2']",syn72101265,v8_ingest
scRNALevel2,syn74329430,CM426C1-Th1A1N1-atac_possorted_bam.bam,HTAN2_Prostate,HTA206_11_D11,"['HTA206_4_D3', 'HTA206_4_D4', 'HTA206_4_D5']",syn72101265,v8_ingest
scRNALevel2,syn74329433,HT254C1-Th1K1A3Y1Nd1-atac_possorted_bam.bam,HTAN2_Prostate,HTA206_12_D9,"['HTA206_7_D3', 'HTA206_7_D4', 'HTA206_7_D5']",syn72101265,v8_ingest
scRNALevel2,syn74329438,HT342C1-Th1K4A3Y1Nd1-atac_possorted_bam.bam,HTAN2_Prostate,HTA206_12_D8,"['HTA206_10_D3', 'HTA206_10_D4', 'HTA206_10_D5']",syn72101265,v8_ingest
scRNALevel2,syn74329452,HT525C1-Th1K1A3Y1Nd1-atac_possorted_bam.bam,HTAN2_Prostate,HTA206_14_D4,"['HTA206_14_D1', 'HTA206_14_D2', 'HTA206_14_D3']",syn72101265,v8_ingest
scRNALevel3and4,syn73812469,PCGA03_20152_1020105_COMBINED.h5ad,htan2-testing1,HTA222_0000_D99,"['HTA222_1_D3', 'HTA222_2_D3']",syn73742695,v8_ingest